Run ID,Meta-level Policy,Pretrained Percentile,Number of Steps,Return,gpus,pretrained_runs_folder,pretrained_run,env,max_tree_size,n_episodes,max_steps,percentiles,compute_meta_rewards,baselines,create_videos,video_fps,video_steps,render_plans,expand_all_actions,finish_on_terminate,pretrained_percentile,action_repeats,agent_name,collect_steps_per_iteration,discount,epsilon,epsilon_decay_steps,epsilon_schedule,eval_steps,experience_batch_size,final_epsilon,frame_stack,grayscale,initial_collect_steps,initial_epsilon,learning_rate,max_epochs,metrics,model_config,n_collect_envs,n_eval_envs,n_video_envs,name,optimiser_config,procgen_env_name,replay_buffer_capacity,run_dir,target_network_update_period,train_steps_per_epoch,video_seconds,pretrained_epoch,pretrained_return,pretrained_path,return,steps,n_computations,total_computational_cost
,Random (No Terminate),0.1,1,10.0,,runs,run-16947090705703208,caveflyer,64,20,500,[0.1],False,"['random', 'a_star', 'instant_terminate']",False,1,120,False,True,True,0.1,4,categorical_dqn_agent,1,0.999,0.1,250000,False,1000,64,0.1,0,False,500,1.0,0.00025,250,[],N/A,64,64,12,run,"{'amsgrad': False, 'beta_1': 0.9, 'beta_2': 0.999, 'clipnorm': 'N/A', 'clipvalue': 'N/A', 'ema_momentum': 0.99, 'ema_overwrite_frequency': 'N/A', 'epsilon': 1e-07, 'global_clipnorm': 'N/A', 'is_legacy_optimizer': False, 'jit_compile': True, 'learning_rate': 0.0002500000118743628, 'name': 'Adam', 'use_ema': False, 'weight_decay': 'N/A'}",caveflyer,16384,./runs/categorical_dqn_agent/run-16947090705703208,10000,20000,60,3,4.06639,runs/categorical_dqn_agent/run-16947090705703208/model_weights/sequential_best_3_4.066390,10.0,1,1,0.042198935366769046
,Random (No Terminate),0.1,1,10.0,,runs,run-16947090705703208,caveflyer,64,20,500,[0.1],False,"['random', 'a_star', 'instant_terminate']",False,1,120,False,True,True,0.1,4,categorical_dqn_agent,1,0.999,0.1,250000,False,1000,64,0.1,0,False,500,1.0,0.00025,250,[],N/A,64,64,12,run,"{'amsgrad': False, 'beta_1': 0.9, 'beta_2': 0.999, 'clipnorm': 'N/A', 'clipvalue': 'N/A', 'ema_momentum': 0.99, 'ema_overwrite_frequency': 'N/A', 'epsilon': 1e-07, 'global_clipnorm': 'N/A', 'is_legacy_optimizer': False, 'jit_compile': True, 'learning_rate': 0.0002500000118743628, 'name': 'Adam', 'use_ema': False, 'weight_decay': 'N/A'}",caveflyer,16384,./runs/categorical_dqn_agent/run-16947090705703208,10000,20000,60,3,4.06639,runs/categorical_dqn_agent/run-16947090705703208/model_weights/sequential_best_3_4.066390,10.0,1,1,0.008114653236793112
,Random (No Terminate),0.1,1,10.0,,runs,run-16947090705703208,caveflyer,64,20,500,[0.1],False,"['random', 'a_star', 'instant_terminate']",False,1,120,False,True,True,0.1,4,categorical_dqn_agent,1,0.999,0.1,250000,False,1000,64,0.1,0,False,500,1.0,0.00025,250,[],N/A,64,64,12,run,"{'amsgrad': False, 'beta_1': 0.9, 'beta_2': 0.999, 'clipnorm': 'N/A', 'clipvalue': 'N/A', 'ema_momentum': 0.99, 'ema_overwrite_frequency': 'N/A', 'epsilon': 1e-07, 'global_clipnorm': 'N/A', 'is_legacy_optimizer': False, 'jit_compile': True, 'learning_rate': 0.0002500000118743628, 'name': 'Adam', 'use_ema': False, 'weight_decay': 'N/A'}",caveflyer,16384,./runs/categorical_dqn_agent/run-16947090705703208,10000,20000,60,3,4.06639,runs/categorical_dqn_agent/run-16947090705703208/model_weights/sequential_best_3_4.066390,10.0,1,1,0.048346282998896595
,Random (No Terminate),0.1,1,10.0,,runs,run-16947090705703208,caveflyer,64,20,500,[0.1],False,"['random', 'a_star', 'instant_terminate']",False,1,120,False,True,True,0.1,4,categorical_dqn_agent,1,0.999,0.1,250000,False,1000,64,0.1,0,False,500,1.0,0.00025,250,[],N/A,64,64,12,run,"{'amsgrad': False, 'beta_1': 0.9, 'beta_2': 0.999, 'clipnorm': 'N/A', 'clipvalue': 'N/A', 'ema_momentum': 0.99, 'ema_overwrite_frequency': 'N/A', 'epsilon': 1e-07, 'global_clipnorm': 'N/A', 'is_legacy_optimizer': False, 'jit_compile': True, 'learning_rate': 0.0002500000118743628, 'name': 'Adam', 'use_ema': False, 'weight_decay': 'N/A'}",caveflyer,16384,./runs/categorical_dqn_agent/run-16947090705703208,10000,20000,60,3,4.06639,runs/categorical_dqn_agent/run-16947090705703208/model_weights/sequential_best_3_4.066390,10.0,1,11,0.20311932507572653
,Random (No Terminate),0.1,1,10.0,,runs,run-16947090705703208,caveflyer,64,20,500,[0.1],False,"['random', 'a_star', 'instant_terminate']",False,1,120,False,True,True,0.1,4,categorical_dqn_agent,1,0.999,0.1,250000,False,1000,64,0.1,0,False,500,1.0,0.00025,250,[],N/A,64,64,12,run,"{'amsgrad': False, 'beta_1': 0.9, 'beta_2': 0.999, 'clipnorm': 'N/A', 'clipvalue': 'N/A', 'ema_momentum': 0.99, 'ema_overwrite_frequency': 'N/A', 'epsilon': 1e-07, 'global_clipnorm': 'N/A', 'is_legacy_optimizer': False, 'jit_compile': True, 'learning_rate': 0.0002500000118743628, 'name': 'Adam', 'use_ema': False, 'weight_decay': 'N/A'}",caveflyer,16384,./runs/categorical_dqn_agent/run-16947090705703208,10000,20000,60,3,4.06639,runs/categorical_dqn_agent/run-16947090705703208/model_weights/sequential_best_3_4.066390,10.0,1,1,0.02283365660477877
,Random (No Terminate),0.1,1,10.0,,runs,run-16947090705703208,caveflyer,64,20,500,[0.1],False,"['random', 'a_star', 'instant_terminate']",False,1,120,False,True,True,0.1,4,categorical_dqn_agent,1,0.999,0.1,250000,False,1000,64,0.1,0,False,500,1.0,0.00025,250,[],N/A,64,64,12,run,"{'amsgrad': False, 'beta_1': 0.9, 'beta_2': 0.999, 'clipnorm': 'N/A', 'clipvalue': 'N/A', 'ema_momentum': 0.99, 'ema_overwrite_frequency': 'N/A', 'epsilon': 1e-07, 'global_clipnorm': 'N/A', 'is_legacy_optimizer': False, 'jit_compile': True, 'learning_rate': 0.0002500000118743628, 'name': 'Adam', 'use_ema': False, 'weight_decay': 'N/A'}",caveflyer,16384,./runs/categorical_dqn_agent/run-16947090705703208,10000,20000,60,3,4.06639,runs/categorical_dqn_agent/run-16947090705703208/model_weights/sequential_best_3_4.066390,10.0,1,1,0.01484876025345025
,Random (No Terminate),0.1,1,10.0,,runs,run-16947090705703208,caveflyer,64,20,500,[0.1],False,"['random', 'a_star', 'instant_terminate']",False,1,120,False,True,True,0.1,4,categorical_dqn_agent,1,0.999,0.1,250000,False,1000,64,0.1,0,False,500,1.0,0.00025,250,[],N/A,64,64,12,run,"{'amsgrad': False, 'beta_1': 0.9, 'beta_2': 0.999, 'clipnorm': 'N/A', 'clipvalue': 'N/A', 'ema_momentum': 0.99, 'ema_overwrite_frequency': 'N/A', 'epsilon': 1e-07, 'global_clipnorm': 'N/A', 'is_legacy_optimizer': False, 'jit_compile': True, 'learning_rate': 0.0002500000118743628, 'name': 'Adam', 'use_ema': False, 'weight_decay': 'N/A'}",caveflyer,16384,./runs/categorical_dqn_agent/run-16947090705703208,10000,20000,60,3,4.06639,runs/categorical_dqn_agent/run-16947090705703208/model_weights/sequential_best_3_4.066390,10.0,1,1,0.041737432610721145
,Random (No Terminate),0.1,1,10.0,,runs,run-16947090705703208,caveflyer,64,20,500,[0.1],False,"['random', 'a_star', 'instant_terminate']",False,1,120,False,True,True,0.1,4,categorical_dqn_agent,1,0.999,0.1,250000,False,1000,64,0.1,0,False,500,1.0,0.00025,250,[],N/A,64,64,12,run,"{'amsgrad': False, 'beta_1': 0.9, 'beta_2': 0.999, 'clipnorm': 'N/A', 'clipvalue': 'N/A', 'ema_momentum': 0.99, 'ema_overwrite_frequency': 'N/A', 'epsilon': 1e-07, 'global_clipnorm': 'N/A', 'is_legacy_optimizer': False, 'jit_compile': True, 'learning_rate': 0.0002500000118743628, 'name': 'Adam', 'use_ema': False, 'weight_decay': 'N/A'}",caveflyer,16384,./runs/categorical_dqn_agent/run-16947090705703208,10000,20000,60,3,4.06639,runs/categorical_dqn_agent/run-16947090705703208/model_weights/sequential_best_3_4.066390,10.0,1,1,0.04733978389903322
,Random (No Terminate),0.1,1,10.0,,runs,run-16947090705703208,caveflyer,64,20,500,[0.1],False,"['random', 'a_star', 'instant_terminate']",False,1,120,False,True,True,0.1,4,categorical_dqn_agent,1,0.999,0.1,250000,False,1000,64,0.1,0,False,500,1.0,0.00025,250,[],N/A,64,64,12,run,"{'amsgrad': False, 'beta_1': 0.9, 'beta_2': 0.999, 'clipnorm': 'N/A', 'clipvalue': 'N/A', 'ema_momentum': 0.99, 'ema_overwrite_frequency': 'N/A', 'epsilon': 1e-07, 'global_clipnorm': 'N/A', 'is_legacy_optimizer': False, 'jit_compile': True, 'learning_rate': 0.0002500000118743628, 'name': 'Adam', 'use_ema': False, 'weight_decay': 'N/A'}",caveflyer,16384,./runs/categorical_dqn_agent/run-16947090705703208,10000,20000,60,3,4.06639,runs/categorical_dqn_agent/run-16947090705703208/model_weights/sequential_best_3_4.066390,10.0,1,1,0.01292375806964098
,Random (No Terminate),0.1,1,10.0,,runs,run-16947090705703208,caveflyer,64,20,500,[0.1],False,"['random', 'a_star', 'instant_terminate']",False,1,120,False,True,True,0.1,4,categorical_dqn_agent,1,0.999,0.1,250000,False,1000,64,0.1,0,False,500,1.0,0.00025,250,[],N/A,64,64,12,run,"{'amsgrad': False, 'beta_1': 0.9, 'beta_2': 0.999, 'clipnorm': 'N/A', 'clipvalue': 'N/A', 'ema_momentum': 0.99, 'ema_overwrite_frequency': 'N/A', 'epsilon': 1e-07, 'global_clipnorm': 'N/A', 'is_legacy_optimizer': False, 'jit_compile': True, 'learning_rate': 0.0002500000118743628, 'name': 'Adam', 'use_ema': False, 'weight_decay': 'N/A'}",caveflyer,16384,./runs/categorical_dqn_agent/run-16947090705703208,10000,20000,60,3,4.06639,runs/categorical_dqn_agent/run-16947090705703208/model_weights/sequential_best_3_4.066390,10.0,1,11,0.38300601423714337
,Random (No Terminate),0.1,1,10.0,,runs,run-16947090705703208,caveflyer,64,20,500,[0.1],False,"['random', 'a_star', 'instant_terminate']",False,1,120,False,True,True,0.1,4,categorical_dqn_agent,1,0.999,0.1,250000,False,1000,64,0.1,0,False,500,1.0,0.00025,250,[],N/A,64,64,12,run,"{'amsgrad': False, 'beta_1': 0.9, 'beta_2': 0.999, 'clipnorm': 'N/A', 'clipvalue': 'N/A', 'ema_momentum': 0.99, 'ema_overwrite_frequency': 'N/A', 'epsilon': 1e-07, 'global_clipnorm': 'N/A', 'is_legacy_optimizer': False, 'jit_compile': True, 'learning_rate': 0.0002500000118743628, 'name': 'Adam', 'use_ema': False, 'weight_decay': 'N/A'}",caveflyer,16384,./runs/categorical_dqn_agent/run-16947090705703208,10000,20000,60,3,4.06639,runs/categorical_dqn_agent/run-16947090705703208/model_weights/sequential_best_3_4.066390,10.0,1,11,0.35944799230987823
,Random (No Terminate),0.1,1,10.0,,runs,run-16947090705703208,caveflyer,64,20,500,[0.1],False,"['random', 'a_star', 'instant_terminate']",False,1,120,False,True,True,0.1,4,categorical_dqn_agent,1,0.999,0.1,250000,False,1000,64,0.1,0,False,500,1.0,0.00025,250,[],N/A,64,64,12,run,"{'amsgrad': False, 'beta_1': 0.9, 'beta_2': 0.999, 'clipnorm': 'N/A', 'clipvalue': 'N/A', 'ema_momentum': 0.99, 'ema_overwrite_frequency': 'N/A', 'epsilon': 1e-07, 'global_clipnorm': 'N/A', 'is_legacy_optimizer': False, 'jit_compile': True, 'learning_rate': 0.0002500000118743628, 'name': 'Adam', 'use_ema': False, 'weight_decay': 'N/A'}",caveflyer,16384,./runs/categorical_dqn_agent/run-16947090705703208,10000,20000,60,3,4.06639,runs/categorical_dqn_agent/run-16947090705703208/model_weights/sequential_best_3_4.066390,10.0,1,1,0.01298521899453275
,Random (No Terminate),0.1,1,10.0,,runs,run-16947090705703208,caveflyer,64,20,500,[0.1],False,"['random', 'a_star', 'instant_terminate']",False,1,120,False,True,True,0.1,4,categorical_dqn_agent,1,0.999,0.1,250000,False,1000,64,0.1,0,False,500,1.0,0.00025,250,[],N/A,64,64,12,run,"{'amsgrad': False, 'beta_1': 0.9, 'beta_2': 0.999, 'clipnorm': 'N/A', 'clipvalue': 'N/A', 'ema_momentum': 0.99, 'ema_overwrite_frequency': 'N/A', 'epsilon': 1e-07, 'global_clipnorm': 'N/A', 'is_legacy_optimizer': False, 'jit_compile': True, 'learning_rate': 0.0002500000118743628, 'name': 'Adam', 'use_ema': False, 'weight_decay': 'N/A'}",caveflyer,16384,./runs/categorical_dqn_agent/run-16947090705703208,10000,20000,60,3,4.06639,runs/categorical_dqn_agent/run-16947090705703208/model_weights/sequential_best_3_4.066390,10.0,1,1,0.049835368627982934
,Random (No Terminate),0.1,1,10.0,,runs,run-16947090705703208,caveflyer,64,20,500,[0.1],False,"['random', 'a_star', 'instant_terminate']",False,1,120,False,True,True,0.1,4,categorical_dqn_agent,1,0.999,0.1,250000,False,1000,64,0.1,0,False,500,1.0,0.00025,250,[],N/A,64,64,12,run,"{'amsgrad': False, 'beta_1': 0.9, 'beta_2': 0.999, 'clipnorm': 'N/A', 'clipvalue': 'N/A', 'ema_momentum': 0.99, 'ema_overwrite_frequency': 'N/A', 'epsilon': 1e-07, 'global_clipnorm': 'N/A', 'is_legacy_optimizer': False, 'jit_compile': True, 'learning_rate': 0.0002500000118743628, 'name': 'Adam', 'use_ema': False, 'weight_decay': 'N/A'}",caveflyer,16384,./runs/categorical_dqn_agent/run-16947090705703208,10000,20000,60,3,4.06639,runs/categorical_dqn_agent/run-16947090705703208/model_weights/sequential_best_3_4.066390,10.0,1,11,0.1736917552302061
,Random (No Terminate),0.1,1,10.0,,runs,run-16947090705703208,caveflyer,64,20,500,[0.1],False,"['random', 'a_star', 'instant_terminate']",False,1,120,False,True,True,0.1,4,categorical_dqn_agent,1,0.999,0.1,250000,False,1000,64,0.1,0,False,500,1.0,0.00025,250,[],N/A,64,64,12,run,"{'amsgrad': False, 'beta_1': 0.9, 'beta_2': 0.999, 'clipnorm': 'N/A', 'clipvalue': 'N/A', 'ema_momentum': 0.99, 'ema_overwrite_frequency': 'N/A', 'epsilon': 1e-07, 'global_clipnorm': 'N/A', 'is_legacy_optimizer': False, 'jit_compile': True, 'learning_rate': 0.0002500000118743628, 'name': 'Adam', 'use_ema': False, 'weight_decay': 'N/A'}",caveflyer,16384,./runs/categorical_dqn_agent/run-16947090705703208,10000,20000,60,3,4.06639,runs/categorical_dqn_agent/run-16947090705703208/model_weights/sequential_best_3_4.066390,10.0,1,11,0.35650253291303613
,Random (No Terminate),0.1,1,10.0,,runs,run-16947090705703208,caveflyer,64,20,500,[0.1],False,"['random', 'a_star', 'instant_terminate']",False,1,120,False,True,True,0.1,4,categorical_dqn_agent,1,0.999,0.1,250000,False,1000,64,0.1,0,False,500,1.0,0.00025,250,[],N/A,64,64,12,run,"{'amsgrad': False, 'beta_1': 0.9, 'beta_2': 0.999, 'clipnorm': 'N/A', 'clipvalue': 'N/A', 'ema_momentum': 0.99, 'ema_overwrite_frequency': 'N/A', 'epsilon': 1e-07, 'global_clipnorm': 'N/A', 'is_legacy_optimizer': False, 'jit_compile': True, 'learning_rate': 0.0002500000118743628, 'name': 'Adam', 'use_ema': False, 'weight_decay': 'N/A'}",caveflyer,16384,./runs/categorical_dqn_agent/run-16947090705703208,10000,20000,60,3,4.06639,runs/categorical_dqn_agent/run-16947090705703208/model_weights/sequential_best_3_4.066390,10.0,1,1,0.04318363596106287
,Random (No Terminate),0.1,1,10.0,,runs,run-16947090705703208,caveflyer,64,20,500,[0.1],False,"['random', 'a_star', 'instant_terminate']",False,1,120,False,True,True,0.1,4,categorical_dqn_agent,1,0.999,0.1,250000,False,1000,64,0.1,0,False,500,1.0,0.00025,250,[],N/A,64,64,12,run,"{'amsgrad': False, 'beta_1': 0.9, 'beta_2': 0.999, 'clipnorm': 'N/A', 'clipvalue': 'N/A', 'ema_momentum': 0.99, 'ema_overwrite_frequency': 'N/A', 'epsilon': 1e-07, 'global_clipnorm': 'N/A', 'is_legacy_optimizer': False, 'jit_compile': True, 'learning_rate': 0.0002500000118743628, 'name': 'Adam', 'use_ema': False, 'weight_decay': 'N/A'}",caveflyer,16384,./runs/categorical_dqn_agent/run-16947090705703208,10000,20000,60,3,4.06639,runs/categorical_dqn_agent/run-16947090705703208/model_weights/sequential_best_3_4.066390,10.0,1,11,0.44114654166220185
,Random (No Terminate),0.1,1,10.0,,runs,run-16947090705703208,caveflyer,64,20,500,[0.1],False,"['random', 'a_star', 'instant_terminate']",False,1,120,False,True,True,0.1,4,categorical_dqn_agent,1,0.999,0.1,250000,False,1000,64,0.1,0,False,500,1.0,0.00025,250,[],N/A,64,64,12,run,"{'amsgrad': False, 'beta_1': 0.9, 'beta_2': 0.999, 'clipnorm': 'N/A', 'clipvalue': 'N/A', 'ema_momentum': 0.99, 'ema_overwrite_frequency': 'N/A', 'epsilon': 1e-07, 'global_clipnorm': 'N/A', 'is_legacy_optimizer': False, 'jit_compile': True, 'learning_rate': 0.0002500000118743628, 'name': 'Adam', 'use_ema': False, 'weight_decay': 'N/A'}",caveflyer,16384,./runs/categorical_dqn_agent/run-16947090705703208,10000,20000,60,3,4.06639,runs/categorical_dqn_agent/run-16947090705703208/model_weights/sequential_best_3_4.066390,10.0,1,1,0.027937000587087143
,Random (No Terminate),0.1,1,10.0,,runs,run-16947090705703208,caveflyer,64,20,500,[0.1],False,"['random', 'a_star', 'instant_terminate']",False,1,120,False,True,True,0.1,4,categorical_dqn_agent,1,0.999,0.1,250000,False,1000,64,0.1,0,False,500,1.0,0.00025,250,[],N/A,64,64,12,run,"{'amsgrad': False, 'beta_1': 0.9, 'beta_2': 0.999, 'clipnorm': 'N/A', 'clipvalue': 'N/A', 'ema_momentum': 0.99, 'ema_overwrite_frequency': 'N/A', 'epsilon': 1e-07, 'global_clipnorm': 'N/A', 'is_legacy_optimizer': False, 'jit_compile': True, 'learning_rate': 0.0002500000118743628, 'name': 'Adam', 'use_ema': False, 'weight_decay': 'N/A'}",caveflyer,16384,./runs/categorical_dqn_agent/run-16947090705703208,10000,20000,60,3,4.06639,runs/categorical_dqn_agent/run-16947090705703208/model_weights/sequential_best_3_4.066390,10.0,1,1,0.04804447801557454
,Random (No Terminate),0.1,1,10.0,,runs,run-16947090705703208,caveflyer,64,20,500,[0.1],False,"['random', 'a_star', 'instant_terminate']",False,1,120,False,True,True,0.1,4,categorical_dqn_agent,1,0.999,0.1,250000,False,1000,64,0.1,0,False,500,1.0,0.00025,250,[],N/A,64,64,12,run,"{'amsgrad': False, 'beta_1': 0.9, 'beta_2': 0.999, 'clipnorm': 'N/A', 'clipvalue': 'N/A', 'ema_momentum': 0.99, 'ema_overwrite_frequency': 'N/A', 'epsilon': 1e-07, 'global_clipnorm': 'N/A', 'is_legacy_optimizer': False, 'jit_compile': True, 'learning_rate': 0.0002500000118743628, 'name': 'Adam', 'use_ema': False, 'weight_decay': 'N/A'}",caveflyer,16384,./runs/categorical_dqn_agent/run-16947090705703208,10000,20000,60,3,4.06639,runs/categorical_dqn_agent/run-16947090705703208/model_weights/sequential_best_3_4.066390,10.0,1,1,0.04047034652376258
,AStar,0.1,1,0.0,,runs,run-16947090705703208,caveflyer,64,20,500,[0.1],False,"['random', 'a_star', 'instant_terminate']",False,1,120,False,True,True,0.1,4,categorical_dqn_agent,1,0.999,0.1,250000,False,1000,64,0.1,0,False,500,1.0,0.00025,250,[],N/A,64,64,12,run,"{'amsgrad': False, 'beta_1': 0.9, 'beta_2': 0.999, 'clipnorm': 'N/A', 'clipvalue': 'N/A', 'ema_momentum': 0.99, 'ema_overwrite_frequency': 'N/A', 'epsilon': 1e-07, 'global_clipnorm': 'N/A', 'is_legacy_optimizer': False, 'jit_compile': True, 'learning_rate': 0.0002500000118743628, 'name': 'Adam', 'use_ema': False, 'weight_decay': 'N/A'}",caveflyer,16384,./runs/categorical_dqn_agent/run-16947090705703208,10000,20000,60,3,4.06639,runs/categorical_dqn_agent/run-16947090705703208/model_weights/sequential_best_3_4.066390,0.0,1,11,0.4502709732491629
,AStar,0.1,1,10.0,,runs,run-16947090705703208,caveflyer,64,20,500,[0.1],False,"['random', 'a_star', 'instant_terminate']",False,1,120,False,True,True,0.1,4,categorical_dqn_agent,1,0.999,0.1,250000,False,1000,64,0.1,0,False,500,1.0,0.00025,250,[],N/A,64,64,12,run,"{'amsgrad': False, 'beta_1': 0.9, 'beta_2': 0.999, 'clipnorm': 'N/A', 'clipvalue': 'N/A', 'ema_momentum': 0.99, 'ema_overwrite_frequency': 'N/A', 'epsilon': 1e-07, 'global_clipnorm': 'N/A', 'is_legacy_optimizer': False, 'jit_compile': True, 'learning_rate': 0.0002500000118743628, 'name': 'Adam', 'use_ema': False, 'weight_decay': 'N/A'}",caveflyer,16384,./runs/categorical_dqn_agent/run-16947090705703208,10000,20000,60,3,4.06639,runs/categorical_dqn_agent/run-16947090705703208/model_weights/sequential_best_3_4.066390,10.0,1,11,0.45536669858467876
,AStar,0.1,1,10.0,,runs,run-16947090705703208,caveflyer,64,20,500,[0.1],False,"['random', 'a_star', 'instant_terminate']",False,1,120,False,True,True,0.1,4,categorical_dqn_agent,1,0.999,0.1,250000,False,1000,64,0.1,0,False,500,1.0,0.00025,250,[],N/A,64,64,12,run,"{'amsgrad': False, 'beta_1': 0.9, 'beta_2': 0.999, 'clipnorm': 'N/A', 'clipvalue': 'N/A', 'ema_momentum': 0.99, 'ema_overwrite_frequency': 'N/A', 'epsilon': 1e-07, 'global_clipnorm': 'N/A', 'is_legacy_optimizer': False, 'jit_compile': True, 'learning_rate': 0.0002500000118743628, 'name': 'Adam', 'use_ema': False, 'weight_decay': 'N/A'}",caveflyer,16384,./runs/categorical_dqn_agent/run-16947090705703208,10000,20000,60,3,4.06639,runs/categorical_dqn_agent/run-16947090705703208/model_weights/sequential_best_3_4.066390,10.0,1,11,0.5072380329126731
,AStar,0.1,1,10.0,,runs,run-16947090705703208,caveflyer,64,20,500,[0.1],False,"['random', 'a_star', 'instant_terminate']",False,1,120,False,True,True,0.1,4,categorical_dqn_agent,1,0.999,0.1,250000,False,1000,64,0.1,0,False,500,1.0,0.00025,250,[],N/A,64,64,12,run,"{'amsgrad': False, 'beta_1': 0.9, 'beta_2': 0.999, 'clipnorm': 'N/A', 'clipvalue': 'N/A', 'ema_momentum': 0.99, 'ema_overwrite_frequency': 'N/A', 'epsilon': 1e-07, 'global_clipnorm': 'N/A', 'is_legacy_optimizer': False, 'jit_compile': True, 'learning_rate': 0.0002500000118743628, 'name': 'Adam', 'use_ema': False, 'weight_decay': 'N/A'}",caveflyer,16384,./runs/categorical_dqn_agent/run-16947090705703208,10000,20000,60,3,4.06639,runs/categorical_dqn_agent/run-16947090705703208/model_weights/sequential_best_3_4.066390,10.0,1,1,0.02008398422558341
,AStar,0.1,3,10.0,,runs,run-16947090705703208,caveflyer,64,20,500,[0.1],False,"['random', 'a_star', 'instant_terminate']",False,1,120,False,True,True,0.1,4,categorical_dqn_agent,1,0.999,0.1,250000,False,1000,64,0.1,0,False,500,1.0,0.00025,250,[],N/A,64,64,12,run,"{'amsgrad': False, 'beta_1': 0.9, 'beta_2': 0.999, 'clipnorm': 'N/A', 'clipvalue': 'N/A', 'ema_momentum': 0.99, 'ema_overwrite_frequency': 'N/A', 'epsilon': 1e-07, 'global_clipnorm': 'N/A', 'is_legacy_optimizer': False, 'jit_compile': True, 'learning_rate': 0.0002500000118743628, 'name': 'Adam', 'use_ema': False, 'weight_decay': 'N/A'}",caveflyer,16384,./runs/categorical_dqn_agent/run-16947090705703208,10000,20000,60,3,4.06639,runs/categorical_dqn_agent/run-16947090705703208/model_weights/sequential_best_3_4.066390,10.0,3,23,0.7153249686462924
,AStar,0.1,3,10.0,,runs,run-16947090705703208,caveflyer,64,20,500,[0.1],False,"['random', 'a_star', 'instant_terminate']",False,1,120,False,True,True,0.1,4,categorical_dqn_agent,1,0.999,0.1,250000,False,1000,64,0.1,0,False,500,1.0,0.00025,250,[],N/A,64,64,12,run,"{'amsgrad': False, 'beta_1': 0.9, 'beta_2': 0.999, 'clipnorm': 'N/A', 'clipvalue': 'N/A', 'ema_momentum': 0.99, 'ema_overwrite_frequency': 'N/A', 'epsilon': 1e-07, 'global_clipnorm': 'N/A', 'is_legacy_optimizer': False, 'jit_compile': True, 'learning_rate': 0.0002500000118743628, 'name': 'Adam', 'use_ema': False, 'weight_decay': 'N/A'}",caveflyer,16384,./runs/categorical_dqn_agent/run-16947090705703208,10000,20000,60,3,4.06639,runs/categorical_dqn_agent/run-16947090705703208/model_weights/sequential_best_3_4.066390,10.0,3,33,0.6638698357160364
,AStar,0.1,4,10.0,,runs,run-16947090705703208,caveflyer,64,20,500,[0.1],False,"['random', 'a_star', 'instant_terminate']",False,1,120,False,True,True,0.1,4,categorical_dqn_agent,1,0.999,0.1,250000,False,1000,64,0.1,0,False,500,1.0,0.00025,250,[],N/A,64,64,12,run,"{'amsgrad': False, 'beta_1': 0.9, 'beta_2': 0.999, 'clipnorm': 'N/A', 'clipvalue': 'N/A', 'ema_momentum': 0.99, 'ema_overwrite_frequency': 'N/A', 'epsilon': 1e-07, 'global_clipnorm': 'N/A', 'is_legacy_optimizer': False, 'jit_compile': True, 'learning_rate': 0.0002500000118743628, 'name': 'Adam', 'use_ema': False, 'weight_decay': 'N/A'}",caveflyer,16384,./runs/categorical_dqn_agent/run-16947090705703208,10000,20000,60,3,4.06639,runs/categorical_dqn_agent/run-16947090705703208/model_weights/sequential_best_3_4.066390,10.0,4,44,0.9180425092231812
,AStar,0.1,6,10.0,,runs,run-16947090705703208,caveflyer,64,20,500,[0.1],False,"['random', 'a_star', 'instant_terminate']",False,1,120,False,True,True,0.1,4,categorical_dqn_agent,1,0.999,0.1,250000,False,1000,64,0.1,0,False,500,1.0,0.00025,250,[],N/A,64,64,12,run,"{'amsgrad': False, 'beta_1': 0.9, 'beta_2': 0.999, 'clipnorm': 'N/A', 'clipvalue': 'N/A', 'ema_momentum': 0.99, 'ema_overwrite_frequency': 'N/A', 'epsilon': 1e-07, 'global_clipnorm': 'N/A', 'is_legacy_optimizer': False, 'jit_compile': True, 'learning_rate': 0.0002500000118743628, 'name': 'Adam', 'use_ema': False, 'weight_decay': 'N/A'}",caveflyer,16384,./runs/categorical_dqn_agent/run-16947090705703208,10000,20000,60,3,4.06639,runs/categorical_dqn_agent/run-16947090705703208/model_weights/sequential_best_3_4.066390,10.0,6,66,1.6678217162978908
,AStar,0.1,7,10.0,,runs,run-16947090705703208,caveflyer,64,20,500,[0.1],False,"['random', 'a_star', 'instant_terminate']",False,1,120,False,True,True,0.1,4,categorical_dqn_agent,1,0.999,0.1,250000,False,1000,64,0.1,0,False,500,1.0,0.00025,250,[],N/A,64,64,12,run,"{'amsgrad': False, 'beta_1': 0.9, 'beta_2': 0.999, 'clipnorm': 'N/A', 'clipvalue': 'N/A', 'ema_momentum': 0.99, 'ema_overwrite_frequency': 'N/A', 'epsilon': 1e-07, 'global_clipnorm': 'N/A', 'is_legacy_optimizer': False, 'jit_compile': True, 'learning_rate': 0.0002500000118743628, 'name': 'Adam', 'use_ema': False, 'weight_decay': 'N/A'}",caveflyer,16384,./runs/categorical_dqn_agent/run-16947090705703208,10000,20000,60,3,4.06639,runs/categorical_dqn_agent/run-16947090705703208/model_weights/sequential_best_3_4.066390,10.0,7,77,1.9106196558633104
,AStar,0.1,8,10.0,,runs,run-16947090705703208,caveflyer,64,20,500,[0.1],False,"['random', 'a_star', 'instant_terminate']",False,1,120,False,True,True,0.1,4,categorical_dqn_agent,1,0.999,0.1,250000,False,1000,64,0.1,0,False,500,1.0,0.00025,250,[],N/A,64,64,12,run,"{'amsgrad': False, 'beta_1': 0.9, 'beta_2': 0.999, 'clipnorm': 'N/A', 'clipvalue': 'N/A', 'ema_momentum': 0.99, 'ema_overwrite_frequency': 'N/A', 'epsilon': 1e-07, 'global_clipnorm': 'N/A', 'is_legacy_optimizer': False, 'jit_compile': True, 'learning_rate': 0.0002500000118743628, 'name': 'Adam', 'use_ema': False, 'weight_decay': 'N/A'}",caveflyer,16384,./runs/categorical_dqn_agent/run-16947090705703208,10000,20000,60,3,4.06639,runs/categorical_dqn_agent/run-16947090705703208/model_weights/sequential_best_3_4.066390,10.0,8,88,2.460354630677774
,AStar,0.1,7,10.0,,runs,run-16947090705703208,caveflyer,64,20,500,[0.1],False,"['random', 'a_star', 'instant_terminate']",False,1,120,False,True,True,0.1,4,categorical_dqn_agent,1,0.999,0.1,250000,False,1000,64,0.1,0,False,500,1.0,0.00025,250,[],N/A,64,64,12,run,"{'amsgrad': False, 'beta_1': 0.9, 'beta_2': 0.999, 'clipnorm': 'N/A', 'clipvalue': 'N/A', 'ema_momentum': 0.99, 'ema_overwrite_frequency': 'N/A', 'epsilon': 1e-07, 'global_clipnorm': 'N/A', 'is_legacy_optimizer': False, 'jit_compile': True, 'learning_rate': 0.0002500000118743628, 'name': 'Adam', 'use_ema': False, 'weight_decay': 'N/A'}",caveflyer,16384,./runs/categorical_dqn_agent/run-16947090705703208,10000,20000,60,3,4.06639,runs/categorical_dqn_agent/run-16947090705703208/model_weights/sequential_best_3_4.066390,10.0,7,67,0.8313063895373756
,AStar,0.1,13,10.0,,runs,run-16947090705703208,caveflyer,64,20,500,[0.1],False,"['random', 'a_star', 'instant_terminate']",False,1,120,False,True,True,0.1,4,categorical_dqn_agent,1,0.999,0.1,250000,False,1000,64,0.1,0,False,500,1.0,0.00025,250,[],N/A,64,64,12,run,"{'amsgrad': False, 'beta_1': 0.9, 'beta_2': 0.999, 'clipnorm': 'N/A', 'clipvalue': 'N/A', 'ema_momentum': 0.99, 'ema_overwrite_frequency': 'N/A', 'epsilon': 1e-07, 'global_clipnorm': 'N/A', 'is_legacy_optimizer': False, 'jit_compile': True, 'learning_rate': 0.0002500000118743628, 'name': 'Adam', 'use_ema': False, 'weight_decay': 'N/A'}",caveflyer,16384,./runs/categorical_dqn_agent/run-16947090705703208,10000,20000,60,3,4.06639,runs/categorical_dqn_agent/run-16947090705703208/model_weights/sequential_best_3_4.066390,10.0,13,143,2.964112036226626
,AStar,0.1,11,10.0,,runs,run-16947090705703208,caveflyer,64,20,500,[0.1],False,"['random', 'a_star', 'instant_terminate']",False,1,120,False,True,True,0.1,4,categorical_dqn_agent,1,0.999,0.1,250000,False,1000,64,0.1,0,False,500,1.0,0.00025,250,[],N/A,64,64,12,run,"{'amsgrad': False, 'beta_1': 0.9, 'beta_2': 0.999, 'clipnorm': 'N/A', 'clipvalue': 'N/A', 'ema_momentum': 0.99, 'ema_overwrite_frequency': 'N/A', 'epsilon': 1e-07, 'global_clipnorm': 'N/A', 'is_legacy_optimizer': False, 'jit_compile': True, 'learning_rate': 0.0002500000118743628, 'name': 'Adam', 'use_ema': False, 'weight_decay': 'N/A'}",caveflyer,16384,./runs/categorical_dqn_agent/run-16947090705703208,10000,20000,60,3,4.06639,runs/categorical_dqn_agent/run-16947090705703208/model_weights/sequential_best_3_4.066390,10.0,11,121,2.629730541856375
,AStar,0.1,40,10.0,,runs,run-16947090705703208,caveflyer,64,20,500,[0.1],False,"['random', 'a_star', 'instant_terminate']",False,1,120,False,True,True,0.1,4,categorical_dqn_agent,1,0.999,0.1,250000,False,1000,64,0.1,0,False,500,1.0,0.00025,250,[],N/A,64,64,12,run,"{'amsgrad': False, 'beta_1': 0.9, 'beta_2': 0.999, 'clipnorm': 'N/A', 'clipvalue': 'N/A', 'ema_momentum': 0.99, 'ema_overwrite_frequency': 'N/A', 'epsilon': 1e-07, 'global_clipnorm': 'N/A', 'is_legacy_optimizer': False, 'jit_compile': True, 'learning_rate': 0.0002500000118743628, 'name': 'Adam', 'use_ema': False, 'weight_decay': 'N/A'}",caveflyer,16384,./runs/categorical_dqn_agent/run-16947090705703208,10000,20000,60,3,4.06639,runs/categorical_dqn_agent/run-16947090705703208/model_weights/sequential_best_3_4.066390,10.0,40,430,10.473235434043186
,AStar,0.1,48,0.0,,runs,run-16947090705703208,caveflyer,64,20,500,[0.1],False,"['random', 'a_star', 'instant_terminate']",False,1,120,False,True,True,0.1,4,categorical_dqn_agent,1,0.999,0.1,250000,False,1000,64,0.1,0,False,500,1.0,0.00025,250,[],N/A,64,64,12,run,"{'amsgrad': False, 'beta_1': 0.9, 'beta_2': 0.999, 'clipnorm': 'N/A', 'clipvalue': 'N/A', 'ema_momentum': 0.99, 'ema_overwrite_frequency': 'N/A', 'epsilon': 1e-07, 'global_clipnorm': 'N/A', 'is_legacy_optimizer': False, 'jit_compile': True, 'learning_rate': 0.0002500000118743628, 'name': 'Adam', 'use_ema': False, 'weight_decay': 'N/A'}",caveflyer,16384,./runs/categorical_dqn_agent/run-16947090705703208,10000,20000,60,3,4.06639,runs/categorical_dqn_agent/run-16947090705703208/model_weights/sequential_best_3_4.066390,0.0,48,518,13.228327608861886
,AStar,0.1,54,3.0,,runs,run-16947090705703208,caveflyer,64,20,500,[0.1],False,"['random', 'a_star', 'instant_terminate']",False,1,120,False,True,True,0.1,4,categorical_dqn_agent,1,0.999,0.1,250000,False,1000,64,0.1,0,False,500,1.0,0.00025,250,[],N/A,64,64,12,run,"{'amsgrad': False, 'beta_1': 0.9, 'beta_2': 0.999, 'clipnorm': 'N/A', 'clipvalue': 'N/A', 'ema_momentum': 0.99, 'ema_overwrite_frequency': 'N/A', 'epsilon': 1e-07, 'global_clipnorm': 'N/A', 'is_legacy_optimizer': False, 'jit_compile': True, 'learning_rate': 0.0002500000118743628, 'name': 'Adam', 'use_ema': False, 'weight_decay': 'N/A'}",caveflyer,16384,./runs/categorical_dqn_agent/run-16947090705703208,10000,20000,60,3,4.06639,runs/categorical_dqn_agent/run-16947090705703208/model_weights/sequential_best_3_4.066390,3.0,54,594,15.683953413557965
,AStar,0.1,11,10.0,,runs,run-16947090705703208,caveflyer,64,20,500,[0.1],False,"['random', 'a_star', 'instant_terminate']",False,1,120,False,True,True,0.1,4,categorical_dqn_agent,1,0.999,0.1,250000,False,1000,64,0.1,0,False,500,1.0,0.00025,250,[],N/A,64,64,12,run,"{'amsgrad': False, 'beta_1': 0.9, 'beta_2': 0.999, 'clipnorm': 'N/A', 'clipvalue': 'N/A', 'ema_momentum': 0.99, 'ema_overwrite_frequency': 'N/A', 'epsilon': 1e-07, 'global_clipnorm': 'N/A', 'is_legacy_optimizer': False, 'jit_compile': True, 'learning_rate': 0.0002500000118743628, 'name': 'Adam', 'use_ema': False, 'weight_decay': 'N/A'}",caveflyer,16384,./runs/categorical_dqn_agent/run-16947090705703208,10000,20000,60,3,4.06639,runs/categorical_dqn_agent/run-16947090705703208/model_weights/sequential_best_3_4.066390,10.0,11,121,3.2698361956066266
,AStar,0.1,71,10.0,,runs,run-16947090705703208,caveflyer,64,20,500,[0.1],False,"['random', 'a_star', 'instant_terminate']",False,1,120,False,True,True,0.1,4,categorical_dqn_agent,1,0.999,0.1,250000,False,1000,64,0.1,0,False,500,1.0,0.00025,250,[],N/A,64,64,12,run,"{'amsgrad': False, 'beta_1': 0.9, 'beta_2': 0.999, 'clipnorm': 'N/A', 'clipvalue': 'N/A', 'ema_momentum': 0.99, 'ema_overwrite_frequency': 'N/A', 'epsilon': 1e-07, 'global_clipnorm': 'N/A', 'is_legacy_optimizer': False, 'jit_compile': True, 'learning_rate': 0.0002500000118743628, 'name': 'Adam', 'use_ema': False, 'weight_decay': 'N/A'}",caveflyer,16384,./runs/categorical_dqn_agent/run-16947090705703208,10000,20000,60,3,4.06639,runs/categorical_dqn_agent/run-16947090705703208/model_weights/sequential_best_3_4.066390,10.0,71,781,20.51386113883299
,AStar,0.1,29,10.0,,runs,run-16947090705703208,caveflyer,64,20,500,[0.1],False,"['random', 'a_star', 'instant_terminate']",False,1,120,False,True,True,0.1,4,categorical_dqn_agent,1,0.999,0.1,250000,False,1000,64,0.1,0,False,500,1.0,0.00025,250,[],N/A,64,64,12,run,"{'amsgrad': False, 'beta_1': 0.9, 'beta_2': 0.999, 'clipnorm': 'N/A', 'clipvalue': 'N/A', 'ema_momentum': 0.99, 'ema_overwrite_frequency': 'N/A', 'epsilon': 1e-07, 'global_clipnorm': 'N/A', 'is_legacy_optimizer': False, 'jit_compile': True, 'learning_rate': 0.0002500000118743628, 'name': 'Adam', 'use_ema': False, 'weight_decay': 'N/A'}",caveflyer,16384,./runs/categorical_dqn_agent/run-16947090705703208,10000,20000,60,3,4.06639,runs/categorical_dqn_agent/run-16947090705703208/model_weights/sequential_best_3_4.066390,10.0,29,310,7.3954940549947725
,AStar,0.1,15,0.0,,runs,run-16947090705703208,caveflyer,64,20,500,[0.1],False,"['random', 'a_star', 'instant_terminate']",False,1,120,False,True,True,0.1,4,categorical_dqn_agent,1,0.999,0.1,250000,False,1000,64,0.1,0,False,500,1.0,0.00025,250,[],N/A,64,64,12,run,"{'amsgrad': False, 'beta_1': 0.9, 'beta_2': 0.999, 'clipnorm': 'N/A', 'clipvalue': 'N/A', 'ema_momentum': 0.99, 'ema_overwrite_frequency': 'N/A', 'epsilon': 1e-07, 'global_clipnorm': 'N/A', 'is_legacy_optimizer': False, 'jit_compile': True, 'learning_rate': 0.0002500000118743628, 'name': 'Adam', 'use_ema': False, 'weight_decay': 'N/A'}",caveflyer,16384,./runs/categorical_dqn_agent/run-16947090705703208,10000,20000,60,3,4.06639,runs/categorical_dqn_agent/run-16947090705703208/model_weights/sequential_best_3_4.066390,0.0,15,165,3.786114712805401
,AStar,0.1,6,10.0,,runs,run-16947090705703208,caveflyer,64,20,500,[0.1],False,"['random', 'a_star', 'instant_terminate']",False,1,120,False,True,True,0.1,4,categorical_dqn_agent,1,0.999,0.1,250000,False,1000,64,0.1,0,False,500,1.0,0.00025,250,[],N/A,64,64,12,run,"{'amsgrad': False, 'beta_1': 0.9, 'beta_2': 0.999, 'clipnorm': 'N/A', 'clipvalue': 'N/A', 'ema_momentum': 0.99, 'ema_overwrite_frequency': 'N/A', 'epsilon': 1e-07, 'global_clipnorm': 'N/A', 'is_legacy_optimizer': False, 'jit_compile': True, 'learning_rate': 0.0002500000118743628, 'name': 'Adam', 'use_ema': False, 'weight_decay': 'N/A'}",caveflyer,16384,./runs/categorical_dqn_agent/run-16947090705703208,10000,20000,60,3,4.06639,runs/categorical_dqn_agent/run-16947090705703208/model_weights/sequential_best_3_4.066390,10.0,6,66,1.8283545924002502
,AStar,0.1,49,10.0,,runs,run-16947090705703208,caveflyer,64,20,500,[0.1],False,"['random', 'a_star', 'instant_terminate']",False,1,120,False,True,True,0.1,4,categorical_dqn_agent,1,0.999,0.1,250000,False,1000,64,0.1,0,False,500,1.0,0.00025,250,[],N/A,64,64,12,run,"{'amsgrad': False, 'beta_1': 0.9, 'beta_2': 0.999, 'clipnorm': 'N/A', 'clipvalue': 'N/A', 'ema_momentum': 0.99, 'ema_overwrite_frequency': 'N/A', 'epsilon': 1e-07, 'global_clipnorm': 'N/A', 'is_legacy_optimizer': False, 'jit_compile': True, 'learning_rate': 0.0002500000118743628, 'name': 'Adam', 'use_ema': False, 'weight_decay': 'N/A'}",caveflyer,16384,./runs/categorical_dqn_agent/run-16947090705703208,10000,20000,60,3,4.06639,runs/categorical_dqn_agent/run-16947090705703208/model_weights/sequential_best_3_4.066390,10.0,49,539,13.275522356635246
,AStar,0.1,130,0.0,,runs,run-16947090705703208,caveflyer,64,20,500,[0.1],False,"['random', 'a_star', 'instant_terminate']",False,1,120,False,True,True,0.1,4,categorical_dqn_agent,1,0.999,0.1,250000,False,1000,64,0.1,0,False,500,1.0,0.00025,250,[],N/A,64,64,12,run,"{'amsgrad': False, 'beta_1': 0.9, 'beta_2': 0.999, 'clipnorm': 'N/A', 'clipvalue': 'N/A', 'ema_momentum': 0.99, 'ema_overwrite_frequency': 'N/A', 'epsilon': 1e-07, 'global_clipnorm': 'N/A', 'is_legacy_optimizer': False, 'jit_compile': True, 'learning_rate': 0.0002500000118743628, 'name': 'Adam', 'use_ema': False, 'weight_decay': 'N/A'}",caveflyer,16384,./runs/categorical_dqn_agent/run-16947090705703208,10000,20000,60,3,4.06639,runs/categorical_dqn_agent/run-16947090705703208/model_weights/sequential_best_3_4.066390,0.0,130,1420,33.09131062853522
,AStar,0.1,239,0.0,,runs,run-16947090705703208,caveflyer,64,20,500,[0.1],False,"['random', 'a_star', 'instant_terminate']",False,1,120,False,True,True,0.1,4,categorical_dqn_agent,1,0.999,0.1,250000,False,1000,64,0.1,0,False,500,1.0,0.00025,250,[],N/A,64,64,12,run,"{'amsgrad': False, 'beta_1': 0.9, 'beta_2': 0.999, 'clipnorm': 'N/A', 'clipvalue': 'N/A', 'ema_momentum': 0.99, 'ema_overwrite_frequency': 'N/A', 'epsilon': 1e-07, 'global_clipnorm': 'N/A', 'is_legacy_optimizer': False, 'jit_compile': True, 'learning_rate': 0.0002500000118743628, 'name': 'Adam', 'use_ema': False, 'weight_decay': 'N/A'}",caveflyer,16384,./runs/categorical_dqn_agent/run-16947090705703208,10000,20000,60,3,4.06639,runs/categorical_dqn_agent/run-16947090705703208/model_weights/sequential_best_3_4.066390,0.0,239,2615,64.19652313736952
,AStar,0.1,239,0.0,,runs,run-16947090705703208,caveflyer,64,20,500,[0.1],False,"['random', 'a_star', 'instant_terminate']",False,1,120,False,True,True,0.1,4,categorical_dqn_agent,1,0.999,0.1,250000,False,1000,64,0.1,0,False,500,1.0,0.00025,250,[],N/A,64,64,12,run,"{'amsgrad': False, 'beta_1': 0.9, 'beta_2': 0.999, 'clipnorm': 'N/A', 'clipvalue': 'N/A', 'ema_momentum': 0.99, 'ema_overwrite_frequency': 'N/A', 'epsilon': 1e-07, 'global_clipnorm': 'N/A', 'is_legacy_optimizer': False, 'jit_compile': True, 'learning_rate': 0.0002500000118743628, 'name': 'Adam', 'use_ema': False, 'weight_decay': 'N/A'}",caveflyer,16384,./runs/categorical_dqn_agent/run-16947090705703208,10000,20000,60,3,4.06639,runs/categorical_dqn_agent/run-16947090705703208/model_weights/sequential_best_3_4.066390,0.0,239,2615,61.74272070243007
,AStar,0.1,239,0.0,,runs,run-16947090705703208,caveflyer,64,20,500,[0.1],False,"['random', 'a_star', 'instant_terminate']",False,1,120,False,True,True,0.1,4,categorical_dqn_agent,1,0.999,0.1,250000,False,1000,64,0.1,0,False,500,1.0,0.00025,250,[],N/A,64,64,12,run,"{'amsgrad': False, 'beta_1': 0.9, 'beta_2': 0.999, 'clipnorm': 'N/A', 'clipvalue': 'N/A', 'ema_momentum': 0.99, 'ema_overwrite_frequency': 'N/A', 'epsilon': 1e-07, 'global_clipnorm': 'N/A', 'is_legacy_optimizer': False, 'jit_compile': True, 'learning_rate': 0.0002500000118743628, 'name': 'Adam', 'use_ema': False, 'weight_decay': 'N/A'}",caveflyer,16384,./runs/categorical_dqn_agent/run-16947090705703208,10000,20000,60,3,4.06639,runs/categorical_dqn_agent/run-16947090705703208/model_weights/sequential_best_3_4.066390,0.0,239,2619,64.63353340694154
,AStar,0.1,239,3.0,,runs,run-16947090705703208,caveflyer,64,20,500,[0.1],False,"['random', 'a_star', 'instant_terminate']",False,1,120,False,True,True,0.1,4,categorical_dqn_agent,1,0.999,0.1,250000,False,1000,64,0.1,0,False,500,1.0,0.00025,250,[],N/A,64,64,12,run,"{'amsgrad': False, 'beta_1': 0.9, 'beta_2': 0.999, 'clipnorm': 'N/A', 'clipvalue': 'N/A', 'ema_momentum': 0.99, 'ema_overwrite_frequency': 'N/A', 'epsilon': 1e-07, 'global_clipnorm': 'N/A', 'is_legacy_optimizer': False, 'jit_compile': True, 'learning_rate': 0.0002500000118743628, 'name': 'Adam', 'use_ema': False, 'weight_decay': 'N/A'}",caveflyer,16384,./runs/categorical_dqn_agent/run-16947090705703208,10000,20000,60,3,4.06639,runs/categorical_dqn_agent/run-16947090705703208/model_weights/sequential_best_3_4.066390,3.0,239,2619,63.16251150028373
,AStar,0.1,239,0.0,,runs,run-16947090705703208,caveflyer,64,20,500,[0.1],False,"['random', 'a_star', 'instant_terminate']",False,1,120,False,True,True,0.1,4,categorical_dqn_agent,1,0.999,0.1,250000,False,1000,64,0.1,0,False,500,1.0,0.00025,250,[],N/A,64,64,12,run,"{'amsgrad': False, 'beta_1': 0.9, 'beta_2': 0.999, 'clipnorm': 'N/A', 'clipvalue': 'N/A', 'ema_momentum': 0.99, 'ema_overwrite_frequency': 'N/A', 'epsilon': 1e-07, 'global_clipnorm': 'N/A', 'is_legacy_optimizer': False, 'jit_compile': True, 'learning_rate': 0.0002500000118743628, 'name': 'Adam', 'use_ema': False, 'weight_decay': 'N/A'}",caveflyer,16384,./runs/categorical_dqn_agent/run-16947090705703208,10000,20000,60,3,4.06639,runs/categorical_dqn_agent/run-16947090705703208/model_weights/sequential_best_3_4.066390,0.0,239,2619,64.11531387213695
,AStar,0.1,239,3.0,,runs,run-16947090705703208,caveflyer,64,20,500,[0.1],False,"['random', 'a_star', 'instant_terminate']",False,1,120,False,True,True,0.1,4,categorical_dqn_agent,1,0.999,0.1,250000,False,1000,64,0.1,0,False,500,1.0,0.00025,250,[],N/A,64,64,12,run,"{'amsgrad': False, 'beta_1': 0.9, 'beta_2': 0.999, 'clipnorm': 'N/A', 'clipvalue': 'N/A', 'ema_momentum': 0.99, 'ema_overwrite_frequency': 'N/A', 'epsilon': 1e-07, 'global_clipnorm': 'N/A', 'is_legacy_optimizer': False, 'jit_compile': True, 'learning_rate': 0.0002500000118743628, 'name': 'Adam', 'use_ema': False, 'weight_decay': 'N/A'}",caveflyer,16384,./runs/categorical_dqn_agent/run-16947090705703208,10000,20000,60,3,4.06639,runs/categorical_dqn_agent/run-16947090705703208/model_weights/sequential_best_3_4.066390,3.0,239,2619,64.49099622610471
,AStar,0.1,239,0.0,,runs,run-16947090705703208,caveflyer,64,20,500,[0.1],False,"['random', 'a_star', 'instant_terminate']",False,1,120,False,True,True,0.1,4,categorical_dqn_agent,1,0.999,0.1,250000,False,1000,64,0.1,0,False,500,1.0,0.00025,250,[],N/A,64,64,12,run,"{'amsgrad': False, 'beta_1': 0.9, 'beta_2': 0.999, 'clipnorm': 'N/A', 'clipvalue': 'N/A', 'ema_momentum': 0.99, 'ema_overwrite_frequency': 'N/A', 'epsilon': 1e-07, 'global_clipnorm': 'N/A', 'is_legacy_optimizer': False, 'jit_compile': True, 'learning_rate': 0.0002500000118743628, 'name': 'Adam', 'use_ema': False, 'weight_decay': 'N/A'}",caveflyer,16384,./runs/categorical_dqn_agent/run-16947090705703208,10000,20000,60,3,4.06639,runs/categorical_dqn_agent/run-16947090705703208/model_weights/sequential_best_3_4.066390,0.0,239,2619,67.80613458875469
,AStar,0.1,239,3.0,,runs,run-16947090705703208,caveflyer,64,20,500,[0.1],False,"['random', 'a_star', 'instant_terminate']",False,1,120,False,True,True,0.1,4,categorical_dqn_agent,1,0.999,0.1,250000,False,1000,64,0.1,0,False,500,1.0,0.00025,250,[],N/A,64,64,12,run,"{'amsgrad': False, 'beta_1': 0.9, 'beta_2': 0.999, 'clipnorm': 'N/A', 'clipvalue': 'N/A', 'ema_momentum': 0.99, 'ema_overwrite_frequency': 'N/A', 'epsilon': 1e-07, 'global_clipnorm': 'N/A', 'is_legacy_optimizer': False, 'jit_compile': True, 'learning_rate': 0.0002500000118743628, 'name': 'Adam', 'use_ema': False, 'weight_decay': 'N/A'}",caveflyer,16384,./runs/categorical_dqn_agent/run-16947090705703208,10000,20000,60,3,4.06639,runs/categorical_dqn_agent/run-16947090705703208/model_weights/sequential_best_3_4.066390,3.0,239,2619,64.4074577605188
,AStar,0.1,239,0.0,,runs,run-16947090705703208,caveflyer,64,20,500,[0.1],False,"['random', 'a_star', 'instant_terminate']",False,1,120,False,True,True,0.1,4,categorical_dqn_agent,1,0.999,0.1,250000,False,1000,64,0.1,0,False,500,1.0,0.00025,250,[],N/A,64,64,12,run,"{'amsgrad': False, 'beta_1': 0.9, 'beta_2': 0.999, 'clipnorm': 'N/A', 'clipvalue': 'N/A', 'ema_momentum': 0.99, 'ema_overwrite_frequency': 'N/A', 'epsilon': 1e-07, 'global_clipnorm': 'N/A', 'is_legacy_optimizer': False, 'jit_compile': True, 'learning_rate': 0.0002500000118743628, 'name': 'Adam', 'use_ema': False, 'weight_decay': 'N/A'}",caveflyer,16384,./runs/categorical_dqn_agent/run-16947090705703208,10000,20000,60,3,4.06639,runs/categorical_dqn_agent/run-16947090705703208/model_weights/sequential_best_3_4.066390,0.0,239,2629,64.74671250522816
,AStar,0.1,239,0.0,,runs,run-16947090705703208,caveflyer,64,20,500,[0.1],False,"['random', 'a_star', 'instant_terminate']",False,1,120,False,True,True,0.1,4,categorical_dqn_agent,1,0.999,0.1,250000,False,1000,64,0.1,0,False,500,1.0,0.00025,250,[],N/A,64,64,12,run,"{'amsgrad': False, 'beta_1': 0.9, 'beta_2': 0.999, 'clipnorm': 'N/A', 'clipvalue': 'N/A', 'ema_momentum': 0.99, 'ema_overwrite_frequency': 'N/A', 'epsilon': 1e-07, 'global_clipnorm': 'N/A', 'is_legacy_optimizer': False, 'jit_compile': True, 'learning_rate': 0.0002500000118743628, 'name': 'Adam', 'use_ema': False, 'weight_decay': 'N/A'}",caveflyer,16384,./runs/categorical_dqn_agent/run-16947090705703208,10000,20000,60,3,4.06639,runs/categorical_dqn_agent/run-16947090705703208/model_weights/sequential_best_3_4.066390,0.0,239,2629,62.60989567333521
,AStar,0.1,5,10.0,,runs,run-16947090705703208,caveflyer,64,20,500,[0.1],False,"['random', 'a_star', 'instant_terminate']",False,1,120,False,True,True,0.1,4,categorical_dqn_agent,1,0.999,0.1,250000,False,1000,64,0.1,0,False,500,1.0,0.00025,250,[],N/A,64,64,12,run,"{'amsgrad': False, 'beta_1': 0.9, 'beta_2': 0.999, 'clipnorm': 'N/A', 'clipvalue': 'N/A', 'ema_momentum': 0.99, 'ema_overwrite_frequency': 'N/A', 'epsilon': 1e-07, 'global_clipnorm': 'N/A', 'is_legacy_optimizer': False, 'jit_compile': True, 'learning_rate': 0.0002500000118743628, 'name': 'Adam', 'use_ema': False, 'weight_decay': 'N/A'}",caveflyer,16384,./runs/categorical_dqn_agent/run-16947090705703208,10000,20000,60,3,4.06639,runs/categorical_dqn_agent/run-16947090705703208/model_weights/sequential_best_3_4.066390,10.0,5,45,1.1427880721735146
,AStar,0.1,153,10.0,,runs,run-16947090705703208,caveflyer,64,20,500,[0.1],False,"['random', 'a_star', 'instant_terminate']",False,1,120,False,True,True,0.1,4,categorical_dqn_agent,1,0.999,0.1,250000,False,1000,64,0.1,0,False,500,1.0,0.00025,250,[],N/A,64,64,12,run,"{'amsgrad': False, 'beta_1': 0.9, 'beta_2': 0.999, 'clipnorm': 'N/A', 'clipvalue': 'N/A', 'ema_momentum': 0.99, 'ema_overwrite_frequency': 'N/A', 'epsilon': 1e-07, 'global_clipnorm': 'N/A', 'is_legacy_optimizer': False, 'jit_compile': True, 'learning_rate': 0.0002500000118743628, 'name': 'Adam', 'use_ema': False, 'weight_decay': 'N/A'}",caveflyer,16384,./runs/categorical_dqn_agent/run-16947090705703208,10000,20000,60,3,4.06639,runs/categorical_dqn_agent/run-16947090705703208/model_weights/sequential_best_3_4.066390,10.0,153,1683,42.26027583609215
,AStar,0.1,11,10.0,,runs,run-16947090705703208,caveflyer,64,20,500,[0.1],False,"['random', 'a_star', 'instant_terminate']",False,1,120,False,True,True,0.1,4,categorical_dqn_agent,1,0.999,0.1,250000,False,1000,64,0.1,0,False,500,1.0,0.00025,250,[],N/A,64,64,12,run,"{'amsgrad': False, 'beta_1': 0.9, 'beta_2': 0.999, 'clipnorm': 'N/A', 'clipvalue': 'N/A', 'ema_momentum': 0.99, 'ema_overwrite_frequency': 'N/A', 'epsilon': 1e-07, 'global_clipnorm': 'N/A', 'is_legacy_optimizer': False, 'jit_compile': True, 'learning_rate': 0.0002500000118743628, 'name': 'Adam', 'use_ema': False, 'weight_decay': 'N/A'}",caveflyer,16384,./runs/categorical_dqn_agent/run-16947090705703208,10000,20000,60,3,4.06639,runs/categorical_dqn_agent/run-16947090705703208/model_weights/sequential_best_3_4.066390,10.0,11,111,2.6457413273574004
,AStar,0.1,250,0.0,,runs,run-16947090705703208,caveflyer,64,20,500,[0.1],False,"['random', 'a_star', 'instant_terminate']",False,1,120,False,True,True,0.1,4,categorical_dqn_agent,1,0.999,0.1,250000,False,1000,64,0.1,0,False,500,1.0,0.00025,250,[],N/A,64,64,12,run,"{'amsgrad': False, 'beta_1': 0.9, 'beta_2': 0.999, 'clipnorm': 'N/A', 'clipvalue': 'N/A', 'ema_momentum': 0.99, 'ema_overwrite_frequency': 'N/A', 'epsilon': 1e-07, 'global_clipnorm': 'N/A', 'is_legacy_optimizer': False, 'jit_compile': True, 'learning_rate': 0.0002500000118743628, 'name': 'Adam', 'use_ema': False, 'weight_decay': 'N/A'}",caveflyer,16384,./runs/categorical_dqn_agent/run-16947090705703208,10000,20000,60,3,4.06639,runs/categorical_dqn_agent/run-16947090705703208/model_weights/sequential_best_3_4.066390,0.0,250,2740,70.0706881607112
,AStar,0.1,250,0.0,,runs,run-16947090705703208,caveflyer,64,20,500,[0.1],False,"['random', 'a_star', 'instant_terminate']",False,1,120,False,True,True,0.1,4,categorical_dqn_agent,1,0.999,0.1,250000,False,1000,64,0.1,0,False,500,1.0,0.00025,250,[],N/A,64,64,12,run,"{'amsgrad': False, 'beta_1': 0.9, 'beta_2': 0.999, 'clipnorm': 'N/A', 'clipvalue': 'N/A', 'ema_momentum': 0.99, 'ema_overwrite_frequency': 'N/A', 'epsilon': 1e-07, 'global_clipnorm': 'N/A', 'is_legacy_optimizer': False, 'jit_compile': True, 'learning_rate': 0.0002500000118743628, 'name': 'Adam', 'use_ema': False, 'weight_decay': 'N/A'}",caveflyer,16384,./runs/categorical_dqn_agent/run-16947090705703208,10000,20000,60,3,4.06639,runs/categorical_dqn_agent/run-16947090705703208/model_weights/sequential_best_3_4.066390,0.0,250,2750,68.801476092266
,Instant Terminate,0.1,1,0.0,,runs,run-16947090705703208,caveflyer,64,20,500,[0.1],False,"['random', 'a_star', 'instant_terminate']",False,1,120,False,True,True,0.1,4,categorical_dqn_agent,1,0.999,0.1,250000,False,1000,64,0.1,0,False,500,1.0,0.00025,250,[],N/A,64,64,12,run,"{'amsgrad': False, 'beta_1': 0.9, 'beta_2': 0.999, 'clipnorm': 'N/A', 'clipvalue': 'N/A', 'ema_momentum': 0.99, 'ema_overwrite_frequency': 'N/A', 'epsilon': 1e-07, 'global_clipnorm': 'N/A', 'is_legacy_optimizer': False, 'jit_compile': True, 'learning_rate': 0.0002500000118743628, 'name': 'Adam', 'use_ema': False, 'weight_decay': 'N/A'}",caveflyer,16384,./runs/categorical_dqn_agent/run-16947090705703208,10000,20000,60,3,4.06639,runs/categorical_dqn_agent/run-16947090705703208/model_weights/sequential_best_3_4.066390,0.0,1,0,0.0
,Instant Terminate,0.1,1,0.0,,runs,run-16947090705703208,caveflyer,64,20,500,[0.1],False,"['random', 'a_star', 'instant_terminate']",False,1,120,False,True,True,0.1,4,categorical_dqn_agent,1,0.999,0.1,250000,False,1000,64,0.1,0,False,500,1.0,0.00025,250,[],N/A,64,64,12,run,"{'amsgrad': False, 'beta_1': 0.9, 'beta_2': 0.999, 'clipnorm': 'N/A', 'clipvalue': 'N/A', 'ema_momentum': 0.99, 'ema_overwrite_frequency': 'N/A', 'epsilon': 1e-07, 'global_clipnorm': 'N/A', 'is_legacy_optimizer': False, 'jit_compile': True, 'learning_rate': 0.0002500000118743628, 'name': 'Adam', 'use_ema': False, 'weight_decay': 'N/A'}",caveflyer,16384,./runs/categorical_dqn_agent/run-16947090705703208,10000,20000,60,3,4.06639,runs/categorical_dqn_agent/run-16947090705703208/model_weights/sequential_best_3_4.066390,0.0,1,0,0.0
,Instant Terminate,0.1,1,10.0,,runs,run-16947090705703208,caveflyer,64,20,500,[0.1],False,"['random', 'a_star', 'instant_terminate']",False,1,120,False,True,True,0.1,4,categorical_dqn_agent,1,0.999,0.1,250000,False,1000,64,0.1,0,False,500,1.0,0.00025,250,[],N/A,64,64,12,run,"{'amsgrad': False, 'beta_1': 0.9, 'beta_2': 0.999, 'clipnorm': 'N/A', 'clipvalue': 'N/A', 'ema_momentum': 0.99, 'ema_overwrite_frequency': 'N/A', 'epsilon': 1e-07, 'global_clipnorm': 'N/A', 'is_legacy_optimizer': False, 'jit_compile': True, 'learning_rate': 0.0002500000118743628, 'name': 'Adam', 'use_ema': False, 'weight_decay': 'N/A'}",caveflyer,16384,./runs/categorical_dqn_agent/run-16947090705703208,10000,20000,60,3,4.06639,runs/categorical_dqn_agent/run-16947090705703208/model_weights/sequential_best_3_4.066390,10.0,1,0,0.0
,Instant Terminate,0.1,1,0.0,,runs,run-16947090705703208,caveflyer,64,20,500,[0.1],False,"['random', 'a_star', 'instant_terminate']",False,1,120,False,True,True,0.1,4,categorical_dqn_agent,1,0.999,0.1,250000,False,1000,64,0.1,0,False,500,1.0,0.00025,250,[],N/A,64,64,12,run,"{'amsgrad': False, 'beta_1': 0.9, 'beta_2': 0.999, 'clipnorm': 'N/A', 'clipvalue': 'N/A', 'ema_momentum': 0.99, 'ema_overwrite_frequency': 'N/A', 'epsilon': 1e-07, 'global_clipnorm': 'N/A', 'is_legacy_optimizer': False, 'jit_compile': True, 'learning_rate': 0.0002500000118743628, 'name': 'Adam', 'use_ema': False, 'weight_decay': 'N/A'}",caveflyer,16384,./runs/categorical_dqn_agent/run-16947090705703208,10000,20000,60,3,4.06639,runs/categorical_dqn_agent/run-16947090705703208/model_weights/sequential_best_3_4.066390,0.0,1,0,0.0
,Instant Terminate,0.1,1,10.0,,runs,run-16947090705703208,caveflyer,64,20,500,[0.1],False,"['random', 'a_star', 'instant_terminate']",False,1,120,False,True,True,0.1,4,categorical_dqn_agent,1,0.999,0.1,250000,False,1000,64,0.1,0,False,500,1.0,0.00025,250,[],N/A,64,64,12,run,"{'amsgrad': False, 'beta_1': 0.9, 'beta_2': 0.999, 'clipnorm': 'N/A', 'clipvalue': 'N/A', 'ema_momentum': 0.99, 'ema_overwrite_frequency': 'N/A', 'epsilon': 1e-07, 'global_clipnorm': 'N/A', 'is_legacy_optimizer': False, 'jit_compile': True, 'learning_rate': 0.0002500000118743628, 'name': 'Adam', 'use_ema': False, 'weight_decay': 'N/A'}",caveflyer,16384,./runs/categorical_dqn_agent/run-16947090705703208,10000,20000,60,3,4.06639,runs/categorical_dqn_agent/run-16947090705703208/model_weights/sequential_best_3_4.066390,10.0,1,0,0.0
,Instant Terminate,0.1,1,10.0,,runs,run-16947090705703208,caveflyer,64,20,500,[0.1],False,"['random', 'a_star', 'instant_terminate']",False,1,120,False,True,True,0.1,4,categorical_dqn_agent,1,0.999,0.1,250000,False,1000,64,0.1,0,False,500,1.0,0.00025,250,[],N/A,64,64,12,run,"{'amsgrad': False, 'beta_1': 0.9, 'beta_2': 0.999, 'clipnorm': 'N/A', 'clipvalue': 'N/A', 'ema_momentum': 0.99, 'ema_overwrite_frequency': 'N/A', 'epsilon': 1e-07, 'global_clipnorm': 'N/A', 'is_legacy_optimizer': False, 'jit_compile': True, 'learning_rate': 0.0002500000118743628, 'name': 'Adam', 'use_ema': False, 'weight_decay': 'N/A'}",caveflyer,16384,./runs/categorical_dqn_agent/run-16947090705703208,10000,20000,60,3,4.06639,runs/categorical_dqn_agent/run-16947090705703208/model_weights/sequential_best_3_4.066390,10.0,1,0,0.0
,Instant Terminate,0.1,1,0.0,,runs,run-16947090705703208,caveflyer,64,20,500,[0.1],False,"['random', 'a_star', 'instant_terminate']",False,1,120,False,True,True,0.1,4,categorical_dqn_agent,1,0.999,0.1,250000,False,1000,64,0.1,0,False,500,1.0,0.00025,250,[],N/A,64,64,12,run,"{'amsgrad': False, 'beta_1': 0.9, 'beta_2': 0.999, 'clipnorm': 'N/A', 'clipvalue': 'N/A', 'ema_momentum': 0.99, 'ema_overwrite_frequency': 'N/A', 'epsilon': 1e-07, 'global_clipnorm': 'N/A', 'is_legacy_optimizer': False, 'jit_compile': True, 'learning_rate': 0.0002500000118743628, 'name': 'Adam', 'use_ema': False, 'weight_decay': 'N/A'}",caveflyer,16384,./runs/categorical_dqn_agent/run-16947090705703208,10000,20000,60,3,4.06639,runs/categorical_dqn_agent/run-16947090705703208/model_weights/sequential_best_3_4.066390,0.0,1,0,0.0
,Instant Terminate,0.1,1,0.0,,runs,run-16947090705703208,caveflyer,64,20,500,[0.1],False,"['random', 'a_star', 'instant_terminate']",False,1,120,False,True,True,0.1,4,categorical_dqn_agent,1,0.999,0.1,250000,False,1000,64,0.1,0,False,500,1.0,0.00025,250,[],N/A,64,64,12,run,"{'amsgrad': False, 'beta_1': 0.9, 'beta_2': 0.999, 'clipnorm': 'N/A', 'clipvalue': 'N/A', 'ema_momentum': 0.99, 'ema_overwrite_frequency': 'N/A', 'epsilon': 1e-07, 'global_clipnorm': 'N/A', 'is_legacy_optimizer': False, 'jit_compile': True, 'learning_rate': 0.0002500000118743628, 'name': 'Adam', 'use_ema': False, 'weight_decay': 'N/A'}",caveflyer,16384,./runs/categorical_dqn_agent/run-16947090705703208,10000,20000,60,3,4.06639,runs/categorical_dqn_agent/run-16947090705703208/model_weights/sequential_best_3_4.066390,0.0,1,0,0.0
,Instant Terminate,0.1,1,0.0,,runs,run-16947090705703208,caveflyer,64,20,500,[0.1],False,"['random', 'a_star', 'instant_terminate']",False,1,120,False,True,True,0.1,4,categorical_dqn_agent,1,0.999,0.1,250000,False,1000,64,0.1,0,False,500,1.0,0.00025,250,[],N/A,64,64,12,run,"{'amsgrad': False, 'beta_1': 0.9, 'beta_2': 0.999, 'clipnorm': 'N/A', 'clipvalue': 'N/A', 'ema_momentum': 0.99, 'ema_overwrite_frequency': 'N/A', 'epsilon': 1e-07, 'global_clipnorm': 'N/A', 'is_legacy_optimizer': False, 'jit_compile': True, 'learning_rate': 0.0002500000118743628, 'name': 'Adam', 'use_ema': False, 'weight_decay': 'N/A'}",caveflyer,16384,./runs/categorical_dqn_agent/run-16947090705703208,10000,20000,60,3,4.06639,runs/categorical_dqn_agent/run-16947090705703208/model_weights/sequential_best_3_4.066390,0.0,1,0,0.0
,Instant Terminate,0.1,1,0.0,,runs,run-16947090705703208,caveflyer,64,20,500,[0.1],False,"['random', 'a_star', 'instant_terminate']",False,1,120,False,True,True,0.1,4,categorical_dqn_agent,1,0.999,0.1,250000,False,1000,64,0.1,0,False,500,1.0,0.00025,250,[],N/A,64,64,12,run,"{'amsgrad': False, 'beta_1': 0.9, 'beta_2': 0.999, 'clipnorm': 'N/A', 'clipvalue': 'N/A', 'ema_momentum': 0.99, 'ema_overwrite_frequency': 'N/A', 'epsilon': 1e-07, 'global_clipnorm': 'N/A', 'is_legacy_optimizer': False, 'jit_compile': True, 'learning_rate': 0.0002500000118743628, 'name': 'Adam', 'use_ema': False, 'weight_decay': 'N/A'}",caveflyer,16384,./runs/categorical_dqn_agent/run-16947090705703208,10000,20000,60,3,4.06639,runs/categorical_dqn_agent/run-16947090705703208/model_weights/sequential_best_3_4.066390,0.0,1,0,0.0
,Instant Terminate,0.1,1,0.0,,runs,run-16947090705703208,caveflyer,64,20,500,[0.1],False,"['random', 'a_star', 'instant_terminate']",False,1,120,False,True,True,0.1,4,categorical_dqn_agent,1,0.999,0.1,250000,False,1000,64,0.1,0,False,500,1.0,0.00025,250,[],N/A,64,64,12,run,"{'amsgrad': False, 'beta_1': 0.9, 'beta_2': 0.999, 'clipnorm': 'N/A', 'clipvalue': 'N/A', 'ema_momentum': 0.99, 'ema_overwrite_frequency': 'N/A', 'epsilon': 1e-07, 'global_clipnorm': 'N/A', 'is_legacy_optimizer': False, 'jit_compile': True, 'learning_rate': 0.0002500000118743628, 'name': 'Adam', 'use_ema': False, 'weight_decay': 'N/A'}",caveflyer,16384,./runs/categorical_dqn_agent/run-16947090705703208,10000,20000,60,3,4.06639,runs/categorical_dqn_agent/run-16947090705703208/model_weights/sequential_best_3_4.066390,0.0,1,0,0.0
,Instant Terminate,0.1,1,0.0,,runs,run-16947090705703208,caveflyer,64,20,500,[0.1],False,"['random', 'a_star', 'instant_terminate']",False,1,120,False,True,True,0.1,4,categorical_dqn_agent,1,0.999,0.1,250000,False,1000,64,0.1,0,False,500,1.0,0.00025,250,[],N/A,64,64,12,run,"{'amsgrad': False, 'beta_1': 0.9, 'beta_2': 0.999, 'clipnorm': 'N/A', 'clipvalue': 'N/A', 'ema_momentum': 0.99, 'ema_overwrite_frequency': 'N/A', 'epsilon': 1e-07, 'global_clipnorm': 'N/A', 'is_legacy_optimizer': False, 'jit_compile': True, 'learning_rate': 0.0002500000118743628, 'name': 'Adam', 'use_ema': False, 'weight_decay': 'N/A'}",caveflyer,16384,./runs/categorical_dqn_agent/run-16947090705703208,10000,20000,60,3,4.06639,runs/categorical_dqn_agent/run-16947090705703208/model_weights/sequential_best_3_4.066390,0.0,1,0,0.0
,Instant Terminate,0.1,1,0.0,,runs,run-16947090705703208,caveflyer,64,20,500,[0.1],False,"['random', 'a_star', 'instant_terminate']",False,1,120,False,True,True,0.1,4,categorical_dqn_agent,1,0.999,0.1,250000,False,1000,64,0.1,0,False,500,1.0,0.00025,250,[],N/A,64,64,12,run,"{'amsgrad': False, 'beta_1': 0.9, 'beta_2': 0.999, 'clipnorm': 'N/A', 'clipvalue': 'N/A', 'ema_momentum': 0.99, 'ema_overwrite_frequency': 'N/A', 'epsilon': 1e-07, 'global_clipnorm': 'N/A', 'is_legacy_optimizer': False, 'jit_compile': True, 'learning_rate': 0.0002500000118743628, 'name': 'Adam', 'use_ema': False, 'weight_decay': 'N/A'}",caveflyer,16384,./runs/categorical_dqn_agent/run-16947090705703208,10000,20000,60,3,4.06639,runs/categorical_dqn_agent/run-16947090705703208/model_weights/sequential_best_3_4.066390,0.0,1,0,0.0
,Instant Terminate,0.1,1,0.0,,runs,run-16947090705703208,caveflyer,64,20,500,[0.1],False,"['random', 'a_star', 'instant_terminate']",False,1,120,False,True,True,0.1,4,categorical_dqn_agent,1,0.999,0.1,250000,False,1000,64,0.1,0,False,500,1.0,0.00025,250,[],N/A,64,64,12,run,"{'amsgrad': False, 'beta_1': 0.9, 'beta_2': 0.999, 'clipnorm': 'N/A', 'clipvalue': 'N/A', 'ema_momentum': 0.99, 'ema_overwrite_frequency': 'N/A', 'epsilon': 1e-07, 'global_clipnorm': 'N/A', 'is_legacy_optimizer': False, 'jit_compile': True, 'learning_rate': 0.0002500000118743628, 'name': 'Adam', 'use_ema': False, 'weight_decay': 'N/A'}",caveflyer,16384,./runs/categorical_dqn_agent/run-16947090705703208,10000,20000,60,3,4.06639,runs/categorical_dqn_agent/run-16947090705703208/model_weights/sequential_best_3_4.066390,0.0,1,0,0.0
,Instant Terminate,0.1,1,0.0,,runs,run-16947090705703208,caveflyer,64,20,500,[0.1],False,"['random', 'a_star', 'instant_terminate']",False,1,120,False,True,True,0.1,4,categorical_dqn_agent,1,0.999,0.1,250000,False,1000,64,0.1,0,False,500,1.0,0.00025,250,[],N/A,64,64,12,run,"{'amsgrad': False, 'beta_1': 0.9, 'beta_2': 0.999, 'clipnorm': 'N/A', 'clipvalue': 'N/A', 'ema_momentum': 0.99, 'ema_overwrite_frequency': 'N/A', 'epsilon': 1e-07, 'global_clipnorm': 'N/A', 'is_legacy_optimizer': False, 'jit_compile': True, 'learning_rate': 0.0002500000118743628, 'name': 'Adam', 'use_ema': False, 'weight_decay': 'N/A'}",caveflyer,16384,./runs/categorical_dqn_agent/run-16947090705703208,10000,20000,60,3,4.06639,runs/categorical_dqn_agent/run-16947090705703208/model_weights/sequential_best_3_4.066390,0.0,1,0,0.0
,Instant Terminate,0.1,1,0.0,,runs,run-16947090705703208,caveflyer,64,20,500,[0.1],False,"['random', 'a_star', 'instant_terminate']",False,1,120,False,True,True,0.1,4,categorical_dqn_agent,1,0.999,0.1,250000,False,1000,64,0.1,0,False,500,1.0,0.00025,250,[],N/A,64,64,12,run,"{'amsgrad': False, 'beta_1': 0.9, 'beta_2': 0.999, 'clipnorm': 'N/A', 'clipvalue': 'N/A', 'ema_momentum': 0.99, 'ema_overwrite_frequency': 'N/A', 'epsilon': 1e-07, 'global_clipnorm': 'N/A', 'is_legacy_optimizer': False, 'jit_compile': True, 'learning_rate': 0.0002500000118743628, 'name': 'Adam', 'use_ema': False, 'weight_decay': 'N/A'}",caveflyer,16384,./runs/categorical_dqn_agent/run-16947090705703208,10000,20000,60,3,4.06639,runs/categorical_dqn_agent/run-16947090705703208/model_weights/sequential_best_3_4.066390,0.0,1,0,0.0
,Instant Terminate,0.1,1,0.0,,runs,run-16947090705703208,caveflyer,64,20,500,[0.1],False,"['random', 'a_star', 'instant_terminate']",False,1,120,False,True,True,0.1,4,categorical_dqn_agent,1,0.999,0.1,250000,False,1000,64,0.1,0,False,500,1.0,0.00025,250,[],N/A,64,64,12,run,"{'amsgrad': False, 'beta_1': 0.9, 'beta_2': 0.999, 'clipnorm': 'N/A', 'clipvalue': 'N/A', 'ema_momentum': 0.99, 'ema_overwrite_frequency': 'N/A', 'epsilon': 1e-07, 'global_clipnorm': 'N/A', 'is_legacy_optimizer': False, 'jit_compile': True, 'learning_rate': 0.0002500000118743628, 'name': 'Adam', 'use_ema': False, 'weight_decay': 'N/A'}",caveflyer,16384,./runs/categorical_dqn_agent/run-16947090705703208,10000,20000,60,3,4.06639,runs/categorical_dqn_agent/run-16947090705703208/model_weights/sequential_best_3_4.066390,0.0,1,0,0.0
,Instant Terminate,0.1,1,0.0,,runs,run-16947090705703208,caveflyer,64,20,500,[0.1],False,"['random', 'a_star', 'instant_terminate']",False,1,120,False,True,True,0.1,4,categorical_dqn_agent,1,0.999,0.1,250000,False,1000,64,0.1,0,False,500,1.0,0.00025,250,[],N/A,64,64,12,run,"{'amsgrad': False, 'beta_1': 0.9, 'beta_2': 0.999, 'clipnorm': 'N/A', 'clipvalue': 'N/A', 'ema_momentum': 0.99, 'ema_overwrite_frequency': 'N/A', 'epsilon': 1e-07, 'global_clipnorm': 'N/A', 'is_legacy_optimizer': False, 'jit_compile': True, 'learning_rate': 0.0002500000118743628, 'name': 'Adam', 'use_ema': False, 'weight_decay': 'N/A'}",caveflyer,16384,./runs/categorical_dqn_agent/run-16947090705703208,10000,20000,60,3,4.06639,runs/categorical_dqn_agent/run-16947090705703208/model_weights/sequential_best_3_4.066390,0.0,1,0,0.0
,Instant Terminate,0.1,1,0.0,,runs,run-16947090705703208,caveflyer,64,20,500,[0.1],False,"['random', 'a_star', 'instant_terminate']",False,1,120,False,True,True,0.1,4,categorical_dqn_agent,1,0.999,0.1,250000,False,1000,64,0.1,0,False,500,1.0,0.00025,250,[],N/A,64,64,12,run,"{'amsgrad': False, 'beta_1': 0.9, 'beta_2': 0.999, 'clipnorm': 'N/A', 'clipvalue': 'N/A', 'ema_momentum': 0.99, 'ema_overwrite_frequency': 'N/A', 'epsilon': 1e-07, 'global_clipnorm': 'N/A', 'is_legacy_optimizer': False, 'jit_compile': True, 'learning_rate': 0.0002500000118743628, 'name': 'Adam', 'use_ema': False, 'weight_decay': 'N/A'}",caveflyer,16384,./runs/categorical_dqn_agent/run-16947090705703208,10000,20000,60,3,4.06639,runs/categorical_dqn_agent/run-16947090705703208/model_weights/sequential_best_3_4.066390,0.0,1,0,0.0
,Instant Terminate,0.1,1,0.0,,runs,run-16947090705703208,caveflyer,64,20,500,[0.1],False,"['random', 'a_star', 'instant_terminate']",False,1,120,False,True,True,0.1,4,categorical_dqn_agent,1,0.999,0.1,250000,False,1000,64,0.1,0,False,500,1.0,0.00025,250,[],N/A,64,64,12,run,"{'amsgrad': False, 'beta_1': 0.9, 'beta_2': 0.999, 'clipnorm': 'N/A', 'clipvalue': 'N/A', 'ema_momentum': 0.99, 'ema_overwrite_frequency': 'N/A', 'epsilon': 1e-07, 'global_clipnorm': 'N/A', 'is_legacy_optimizer': False, 'jit_compile': True, 'learning_rate': 0.0002500000118743628, 'name': 'Adam', 'use_ema': False, 'weight_decay': 'N/A'}",caveflyer,16384,./runs/categorical_dqn_agent/run-16947090705703208,10000,20000,60,3,4.06639,runs/categorical_dqn_agent/run-16947090705703208/model_weights/sequential_best_3_4.066390,0.0,1,0,0.0
